id,email,full_name,avatar_url,created_at,updated_at
033fee5c-4ebb-4825-80ab-0bb0808a8be4,david.rodriguez.1@profile.com,David Rodriguez,https://api.dicebear.com/7.x/avataaars/svg?seed=033fee5c-4ebb-4825-80ab-0bb0808a8be4,2024-01-25 00:00:00.000+00,2024-12-30 00:00:00.000+00
173a887e-1222-4fe6-860b-345c4e35982d,john.brown.2@profile.com,John Brown,https://api.dicebear.com/7.x/avataaars/svg?seed=173a887e-1222-4fe6-860b-345c4e35982d,2024-01-13 00:00:00.000+00,2024-12-27 00:00:00.000+00
cc44fd91-f30b-44b3-a897-96f28dd5ba3e,john.johnson.3@profile.com,John Johnson,https://api.dicebear.com/7.x/avataaars/svg?seed=cc44fd91-f30b-44b3-a897-96f28dd5ba3e,2024-04-23 00:00:00.000+00,2024-08-13 00:00:00.000+00
b5dafae6-e633-49eb-9594-9dcb0779d357,james.garcia.4@profile.com,James Garcia,https://api.dicebear.com/7.x/avataaars/svg?seed=b5dafae6-e633-49eb-9594-9dcb0779d357,2024-11-27 00:00:00.000+00,2024-11-30 00:00:00.000+00
eaf63714-9d3d-4fe2-838c-dd2a36102c5e,emily.miller.5@profile.com,Emily Miller,https://api.dicebear.com/7.x/avataaars/svg?seed=eaf63714-9d3d-4fe2-838c-dd2a36102c5e,2024-08-15 00:00:00.000+00,2024-07-08 00:00:00.000+00
5abbe3bd-2a73-49a6-8c13-6fc4be4615aa,michael.jones.6@profile.com,Michael Jones,https://api.dicebear.com/7.x/avataaars/svg?seed=5abbe3bd-2a73-49a6-8c13-6fc4be4615aa,2024-06-16 00:00:00.000+00,2024-12-19 00:00:00.000+00
226fd27a-e526-47dc-9a50-441e2837fdbc,michael.brown.7@profile.com,Michael Brown,https://api.dicebear.com/7.x/avataaars/svg?seed=226fd27a-e526-47dc-9a50-441e2837fdbc,2024-12-18 00:00:00.000+00,2024-10-29 00:00:00.000+00
4e70d591-81ad-468d-929d-e7042c7726c0,maria.smith.8@profile.com,Maria Smith,https://api.dicebear.com/7.x/avataaars/svg?seed=4e70d591-81ad-468d-929d-e7042c7726c0,2024-04-22 00:00:00.000+00,2024-05-03 00:00:00.000+00
72ecaf09-9933-4a09-8348-3cc6c2ff4a89,james.davis.9@profile.com,James Davis,https://api.dicebear.com/7.x/avataaars/svg?seed=72ecaf09-9933-4a09-8348-3cc6c2ff4a89,2024-02-21 00:00:00.000+00,2024-02-28 00:00:00.000+00
5220c558-854e-4620-a2fd-aeb58ba20028,maria.miller.10@profile.com,Maria Miller,https://api.dicebear.com/7.x/avataaars/svg?seed=5220c558-854e-4620-a2fd-aeb58ba20028,2024-03-12 00:00:00.000+00,2024-12-15 00:00:00.000+00
99f80acb-d80f-4f36-b3bc-9ba64d28052f,jane.miller.11@profile.com,Jane Miller,https://api.dicebear.com/7.x/avataaars/svg?seed=99f80acb-d80f-4f36-b3bc-9ba64d28052f,2024-09-11 00:00:00.000+00,2024-01-26 00:00:00.000+00
cf78f150-2081-402b-acb7-72477be6c099,robert.johnson.12@profile.com,Robert Johnson,https://api.dicebear.com/7.x/avataaars/svg?seed=cf78f150-2081-402b-acb7-72477be6c099,2024-04-13 00:00:00.000+00,2024-05-05 00:00:00.000+00
88a08883-23d7-41c2-bf9b-c7317e1f175a,michael.miller.13@profile.com,Michael Miller,https://api.dicebear.com/7.x/avataaars/svg?seed=88a08883-23d7-41c2-bf9b-c7317e1f175a,2024-07-31 00:00:00.000+00,2024-09-06 00:00:00.000+00
ec5f31f5-2038-4c38-89f4-9d931015bca6,david.martinez.14@profile.com,David Martinez,https://api.dicebear.com/7.x/avataaars/svg?seed=ec5f31f5-2038-4c38-89f4-9d931015bca6,2024-06-18 00:00:00.000+00,2024-11-12 00:00:00.000+00
2eaa26e9-7807-456c-8344-d770d665bb66,john.smith.15@profile.com,John Smith,https://api.dicebear.com/7.x/avataaars/svg?seed=2eaa26e9-7807-456c-8344-d770d665bb66,2024-09-20 00:00:00.000+00,2024-07-27 00:00:00.000+00
3b638e0c-e27c-457b-ab35-1ffac8dc095d,emily.martinez.16@profile.com,Emily Martinez,https://api.dicebear.com/7.x/avataaars/svg?seed=3b638e0c-e27c-457b-ab35-1ffac8dc095d,2024-08-18 00:00:00.000+00,2024-01-06 00:00:00.000+00
d69dadce-cc96-4fe6-b309-4fe4ea0378b1,robert.garcia.17@profile.com,Robert Garcia,https://api.dicebear.com/7.x/avataaars/svg?seed=d69dadce-cc96-4fe6-b309-4fe4ea0378b1,2024-03-27 00:00:00.000+00,2024-05-05 00:00:00.000+00
1449bde9-6a68-4df0-94d8-85595daeee04,james.miller.18@profile.com,James Miller,https://api.dicebear.com/7.x/avataaars/svg?seed=1449bde9-6a68-4df0-94d8-85595daeee04,2024-04-19 00:00:00.000+00,2024-04-18 00:00:00.000+00
5e54eecb-aa21-4ea3-9334-f5799f62f4c2,robert.miller.19@profile.com,Robert Miller,https://api.dicebear.com/7.x/avataaars/svg?seed=5e54eecb-aa21-4ea3-9334-f5799f62f4c2,2024-04-20 00:00:00.000+00,2024-06-09 00:00:00.000+00
948112d3-12b7-42a8-ae0c-2563b4a937e6,robert.smith.20@profile.com,Robert Smith,https://api.dicebear.com/7.x/avataaars/svg?seed=948112d3-12b7-42a8-ae0c-2563b4a937e6,2024-07-31 00:00:00.000+00,2024-04-02 00:00:00.000+00
e0bec793-17a0-438b-9c0f-070d445044e8,robert.williams.21@profile.com,Robert Williams,https://api.dicebear.com/7.x/avataaars/svg?seed=e0bec793-17a0-438b-9c0f-070d445044e8,2024-05-18 00:00:00.000+00,2024-09-09 00:00:00.000+00
8a5e59fa-38e2-4ac1-8370-4df908f75e75,robert.brown.22@profile.com,Robert Brown,https://api.dicebear.com/7.x/avataaars/svg?seed=8a5e59fa-38e2-4ac1-8370-4df908f75e75,2024-01-06 00:00:00.000+00,2024-08-20 00:00:00.000+00
7a4b99fc-a318-40b3-ae98-4e2f29dde1b5,james.jones.23@profile.com,James Jones,https://api.dicebear.com/7.x/avataaars/svg?seed=7a4b99fc-a318-40b3-ae98-4e2f29dde1b5,2024-04-06 00:00:00.000+00,2024-09-01 00:00:00.000+00
c9350c64-4537-424c-91d0-a9d0c99a9c14,maria.smith.24@profile.com,Maria Smith,https://api.dicebear.com/7.x/avataaars/svg?seed=c9350c64-4537-424c-91d0-a9d0c99a9c14,2024-08-18 00:00:00.000+00,2024-11-15 00:00:00.000+00
60b37940-fef7-46e8-b119-4d9cd2820301,david.johnson.25@profile.com,David Johnson,https://api.dicebear.com/7.x/avataaars/svg?seed=60b37940-fef7-46e8-b119-4d9cd2820301,2024-07-13 00:00:00.000+00,2024-01-28 00:00:00.000+00
73ce64b0-e743-4dae-9c66-1e317e3a716e,sarah.miller.26@profile.com,Sarah Miller,https://api.dicebear.com/7.x/avataaars/svg?seed=73ce64b0-e743-4dae-9c66-1e317e3a716e,2024-02-15 00:00:00.000+00,2024-10-06 00:00:00.000+00
b28a91da-23c1-415b-8ec9-c78ba5bdb9b4,maria.jones.27@profile.com,Maria Jones,https://api.dicebear.com/7.x/avataaars/svg?seed=b28a91da-23c1-415b-8ec9-c78ba5bdb9b4,2024-04-22 00:00:00.000+00,2024-11-02 00:00:00.000+00
faa95163-7117-463d-afd8-28230cb16d0b,jane.garcia.28@profile.com,Jane Garcia,https://api.dicebear.com/7.x/avataaars/svg?seed=faa95163-7117-463d-afd8-28230cb16d0b,2024-08-08 00:00:00.000+00,2024-05-26 00:00:00.000+00
3283c015-0f4d-4046-b8ad-46484b700245,sarah.davis.29@profile.com,Sarah Davis,https://api.dicebear.com/7.x/avataaars/svg?seed=3283c015-0f4d-4046-b8ad-46484b700245,2024-11-29 00:00:00.000+00,2024-08-24 00:00:00.000+00
5072b09a-53a4-419a-8fab-1236cdbc7e56,robert.miller.30@profile.com,Robert Miller,https://api.dicebear.com/7.x/avataaars/svg?seed=5072b09a-53a4-419a-8fab-1236cdbc7e56,2024-09-26 00:00:00.000+00,2024-11-27 00:00:00.000+00
cf2718f1-bdef-440f-866d-ae16638eced0,jane.garcia.31@profile.com,Jane Garcia,https://api.dicebear.com/7.x/avataaars/svg?seed=cf2718f1-bdef-440f-866d-ae16638eced0,2024-09-06 00:00:00.000+00,2024-10-10 00:00:00.000+00
07674b17-2cef-4f03-88bd-64f46bcd5b95,david.rodriguez.32@profile.com,David Rodriguez,https://api.dicebear.com/7.x/avataaars/svg?seed=07674b17-2cef-4f03-88bd-64f46bcd5b95,2024-12-17 00:00:00.000+00,2024-09-24 00:00:00.000+00
627cfec3-9c60-4a90-803f-67b58d25722d,michael.johnson.33@profile.com,Michael Johnson,https://api.dicebear.com/7.x/avataaars/svg?seed=627cfec3-9c60-4a90-803f-67b58d25722d,2024-07-01 00:00:00.000+00,2024-07-07 00:00:00.000+00
3fcf319f-e8ca-4bbe-b338-42d3956682d4,james.garcia.34@profile.com,James Garcia,https://api.dicebear.com/7.x/avataaars/svg?seed=3fcf319f-e8ca-4bbe-b338-42d3956682d4,2024-03-09 00:00:00.000+00,2024-02-11 00:00:00.000+00
09a30dfd-2fd6-413f-a987-4a07741a8ef2,james.garcia.35@profile.com,James Garcia,https://api.dicebear.com/7.x/avataaars/svg?seed=09a30dfd-2fd6-413f-a987-4a07741a8ef2,2024-03-18 00:00:00.000+00,2024-04-10 00:00:00.000+00
2c680ce2-6991-4576-bd60-80c2db0ddf60,sarah.johnson.36@profile.com,Sarah Johnson,https://api.dicebear.com/7.x/avataaars/svg?seed=2c680ce2-6991-4576-bd60-80c2db0ddf60,2024-04-10 00:00:00.000+00,2024-03-26 00:00:00.000+00
c4175b35-925c-4416-ac7d-a8e4e0555033,sarah.martinez.37@profile.com,Sarah Martinez,https://api.dicebear.com/7.x/avataaars/svg?seed=c4175b35-925c-4416-ac7d-a8e4e0555033,2024-09-23 00:00:00.000+00,2024-12-07 00:00:00.000+00
293a10b4-694e-41ef-8709-5c6b35c005ca,robert.williams.38@profile.com,Robert Williams,https://api.dicebear.com/7.x/avataaars/svg?seed=293a10b4-694e-41ef-8709-5c6b35c005ca,2024-08-03 00:00:00.000+00,2024-08-27 00:00:00.000+00
2b032d07-5f17-4823-9727-72c45f8fd155,emily.miller.39@profile.com,Emily Miller,https://api.dicebear.com/7.x/avataaars/svg?seed=2b032d07-5f17-4823-9727-72c45f8fd155,2024-03-04 00:00:00.000+00,2024-05-14 00:00:00.000+00
f7e014db-85a8-4eb5-843b-d6dea5c2ab9e,robert.brown.40@profile.com,Robert Brown,https://api.dicebear.com/7.x/avataaars/svg?seed=f7e014db-85a8-4eb5-843b-d6dea5c2ab9e,2024-08-23 00:00:00.000+00,2024-10-17 00:00:00.000+00
16870e02-ea77-461d-8a47-98e63bdd3e56,jane.johnson.41@profile.com,Jane Johnson,https://api.dicebear.com/7.x/avataaars/svg?seed=16870e02-ea77-461d-8a47-98e63bdd3e56,2024-08-14 00:00:00.000+00,2024-01-09 00:00:00.000+00
fa7128a0-71a9-4836-94ec-56355e276b42,michael.miller.42@profile.com,Michael Miller,https://api.dicebear.com/7.x/avataaars/svg?seed=fa7128a0-71a9-4836-94ec-56355e276b42,2024-11-09 00:00:00.000+00,2024-06-08 00:00:00.000+00
4d827ca3-346f-4a22-8fbd-eecbf879415d,emily.johnson.43@profile.com,Emily Johnson,https://api.dicebear.com/7.x/avataaars/svg?seed=4d827ca3-346f-4a22-8fbd-eecbf879415d,2024-09-21 00:00:00.000+00,2024-09-25 00:00:00.000+00
c54dd239-6c85-405f-aa37-9944eb2092a8,emily.davis.44@profile.com,Emily Davis,https://api.dicebear.com/7.x/avataaars/svg?seed=c54dd239-6c85-405f-aa37-9944eb2092a8,2024-02-11 00:00:00.000+00,2024-05-06 00:00:00.000+00
3a697c53-2450-4d27-aa26-bba40276ceab,john.williams.45@profile.com,John Williams,https://api.dicebear.com/7.x/avataaars/svg?seed=3a697c53-2450-4d27-aa26-bba40276ceab,2024-04-29 00:00:00.000+00,2024-03-01 00:00:00.000+00
f6040ed4-e01d-446a-986f-8457d1585c4f,jane.smith.46@profile.com,Jane Smith,https://api.dicebear.com/7.x/avataaars/svg?seed=f6040ed4-e01d-446a-986f-8457d1585c4f,2024-01-14 00:00:00.000+00,2024-08-08 00:00:00.000+00
22f262da-91e6-46a6-b70c-094800d46a86,james.smith.47@profile.com,James Smith,https://api.dicebear.com/7.x/avataaars/svg?seed=22f262da-91e6-46a6-b70c-094800d46a86,2024-11-05 00:00:00.000+00,2024-01-05 00:00:00.000+00
6f6c0ebe-6522-42a5-a0bb-62fb6f65ad60,sarah.smith.48@profile.com,Sarah Smith,https://api.dicebear.com/7.x/avataaars/svg?seed=6f6c0ebe-6522-42a5-a0bb-62fb6f65ad60,2024-10-26 00:00:00.000+00,2024-03-16 00:00:00.000+00
8c07d59b-2eb2-4df5-9645-4c21d46b0e04,lisa.johnson.49@profile.com,Lisa Johnson,https://api.dicebear.com/7.x/avataaars/svg?seed=8c07d59b-2eb2-4df5-9645-4c21d46b0e04,2024-10-20 00:00:00.000+00,2024-07-14 00:00:00.000+00
03c8a527-c48b-4c23-acc3-cd28d26b2511,maria.martinez.50@profile.com,Maria Martinez,https://api.dicebear.com/7.x/avataaars/svg?seed=03c8a527-c48b-4c23-acc3-cd28d26b2511,2024-02-20 00:00:00.000+00,2024-05-04 00:00:00.000+00
49e534b7-0769-40ab-b74e-71df3c9af61c,lisa.davis.51@profile.com,Lisa Davis,https://api.dicebear.com/7.x/avataaars/svg?seed=49e534b7-0769-40ab-b74e-71df3c9af61c,2024-09-06 00:00:00.000+00,2024-03-11 00:00:00.000+00
faeb2f6e-a71b-46ff-810d-7841d53fc05b,emily.miller.52@profile.com,Emily Miller,https://api.dicebear.com/7.x/avataaars/svg?seed=faeb2f6e-a71b-46ff-810d-7841d53fc05b,2024-05-02 00:00:00.000+00,2024-07-09 00:00:00.000+00
19cc9220-5a64-4587-8201-8741033647bd,maria.martinez.53@profile.com,Maria Martinez,https://api.dicebear.com/7.x/avataaars/svg?seed=19cc9220-5a64-4587-8201-8741033647bd,2024-02-28 00:00:00.000+00,2024-04-11 00:00:00.000+00
e2bd56c4-776f-42b1-ba0e-4893abe349d4,robert.martinez.54@profile.com,Robert Martinez,https://api.dicebear.com/7.x/avataaars/svg?seed=e2bd56c4-776f-42b1-ba0e-4893abe349d4,2024-04-18 00:00:00.000+00,2024-02-27 00:00:00.000+00
8f237c22-27c5-4074-ba00-15e17e276ab1,john.jones.55@profile.com,John Jones,https://api.dicebear.com/7.x/avataaars/svg?seed=8f237c22-27c5-4074-ba00-15e17e276ab1,2024-10-30 00:00:00.000+00,2024-11-20 00:00:00.000+00
f1c427a8-e180-41f0-b3c8-0bf6868b1c76,sarah.brown.56@profile.com,Sarah Brown,https://api.dicebear.com/7.x/avataaars/svg?seed=f1c427a8-e180-41f0-b3c8-0bf6868b1c76,2024-07-01 00:00:00.000+00,2024-07-22 00:00:00.000+00
b5f60b85-5c30-4305-a5b2-f9d37dd215a4,james.brown.57@profile.com,James Brown,https://api.dicebear.com/7.x/avataaars/svg?seed=b5f60b85-5c30-4305-a5b2-f9d37dd215a4,2024-12-31 00:00:00.000+00,2024-07-10 00:00:00.000+00
0c9d0fa8-a79a-4e32-a971-315098a04d76,maria.garcia.58@profile.com,Maria Garcia,https://api.dicebear.com/7.x/avataaars/svg?seed=0c9d0fa8-a79a-4e32-a971-315098a04d76,2024-09-05 00:00:00.000+00,2024-06-19 00:00:00.000+00
038fa9e6-86b6-494c-b3a5-d6d993965e77,maria.miller.59@profile.com,Maria Miller,https://api.dicebear.com/7.x/avataaars/svg?seed=038fa9e6-86b6-494c-b3a5-d6d993965e77,2024-10-15 00:00:00.000+00,2024-03-31 00:00:00.000+00
3bb3651a-8c4c-4ca0-be5e-6f707eb96115,maria.brown.60@profile.com,Maria Brown,https://api.dicebear.com/7.x/avataaars/svg?seed=3bb3651a-8c4c-4ca0-be5e-6f707eb96115,2024-01-08 00:00:00.000+00,2024-07-10 00:00:00.000+00
bcdb1629-e030-4104-a77a-20b6d5b65901,maria.johnson.61@profile.com,Maria Johnson,https://api.dicebear.com/7.x/avataaars/svg?seed=bcdb1629-e030-4104-a77a-20b6d5b65901,2024-08-22 00:00:00.000+00,2024-01-16 00:00:00.000+00
ac020397-a697-41a0-99a1-ae08b1194b29,james.johnson.62@profile.com,James Johnson,https://api.dicebear.com/7.x/avataaars/svg?seed=ac020397-a697-41a0-99a1-ae08b1194b29,2024-09-23 00:00:00.000+00,2024-03-25 00:00:00.000+00
478ab1c4-f447-4b61-8d1f-20caac5b131f,james.miller.63@profile.com,James Miller,https://api.dicebear.com/7.x/avataaars/svg?seed=478ab1c4-f447-4b61-8d1f-20caac5b131f,2024-03-11 00:00:00.000+00,2024-06-22 00:00:00.000+00
5fad3acd-e80d-4dd8-9602-f858a07043ce,lisa.smith.64@profile.com,Lisa Smith,https://api.dicebear.com/7.x/avataaars/svg?seed=5fad3acd-e80d-4dd8-9602-f858a07043ce,2024-11-23 00:00:00.000+00,2024-11-04 00:00:00.000+00
aae82234-26f5-43d5-b384-8f1658a5393b,david.brown.65@profile.com,David Brown,https://api.dicebear.com/7.x/avataaars/svg?seed=aae82234-26f5-43d5-b384-8f1658a5393b,2024-01-29 00:00:00.000+00,2024-08-15 00:00:00.000+00
0ddb0d46-5663-40d6-b3ec-484463c4ca5d,james.jones.66@profile.com,James Jones,https://api.dicebear.com/7.x/avataaars/svg?seed=0ddb0d46-5663-40d6-b3ec-484463c4ca5d,2024-10-10 00:00:00.000+00,2024-03-07 00:00:00.000+00
9734f363-c59e-415a-b8fa-9679f54018b0,lisa.williams.67@profile.com,Lisa Williams,https://api.dicebear.com/7.x/avataaars/svg?seed=9734f363-c59e-415a-b8fa-9679f54018b0,2024-02-27 00:00:00.000+00,2024-03-06 00:00:00.000+00
5f257cfa-e298-4e02-ad9a-578a3f4bce48,david.martinez.68@profile.com,David Martinez,https://api.dicebear.com/7.x/avataaars/svg?seed=5f257cfa-e298-4e02-ad9a-578a3f4bce48,2024-08-14 00:00:00.000+00,2024-07-18 00:00:00.000+00
0ad92339-6089-4c99-9d37-e2f3edab7e66,maria.miller.69@profile.com,Maria Miller,https://api.dicebear.com/7.x/avataaars/svg?seed=0ad92339-6089-4c99-9d37-e2f3edab7e66,2024-01-01 00:00:00.000+00,2024-04-25 00:00:00.000+00
cf8c7024-f72a-4ea0-ae98-2dc3fe95ecad,jane.rodriguez.70@profile.com,Jane Rodriguez,https://api.dicebear.com/7.x/avataaars/svg?seed=cf8c7024-f72a-4ea0-ae98-2dc3fe95ecad,2024-09-03 00:00:00.000+00,2024-05-05 00:00:00.000+00
18882cf8-3197-4cc8-a58c-980fffc51a63,jane.williams.71@profile.com,Jane Williams,https://api.dicebear.com/7.x/avataaars/svg?seed=18882cf8-3197-4cc8-a58c-980fffc51a63,2024-04-20 00:00:00.000+00,2024-08-21 00:00:00.000+00
2dc1b872-51cf-452a-8f80-ebac96209ecd,sarah.smith.72@profile.com,Sarah Smith,https://api.dicebear.com/7.x/avataaars/svg?seed=2dc1b872-51cf-452a-8f80-ebac96209ecd,2024-11-08 00:00:00.000+00,2024-12-08 00:00:00.000+00
070ad96f-2660-4df1-92e6-88a215d1dfee,jane.miller.73@profile.com,Jane Miller,https://api.dicebear.com/7.x/avataaars/svg?seed=070ad96f-2660-4df1-92e6-88a215d1dfee,2024-06-19 00:00:00.000+00,2024-04-26 00:00:00.000+00
4a202faa-fefa-43a1-97e3-8a710eef4b31,lisa.johnson.74@profile.com,Lisa Johnson,https://api.dicebear.com/7.x/avataaars/svg?seed=4a202faa-fefa-43a1-97e3-8a710eef4b31,2024-06-30 00:00:00.000+00,2024-11-15 00:00:00.000+00
d4886979-e09f-4bb4-9926-83373bfdffc9,emily.garcia.75@profile.com,Emily Garcia,https://api.dicebear.com/7.x/avataaars/svg?seed=d4886979-e09f-4bb4-9926-83373bfdffc9,2024-11-13 00:00:00.000+00,2024-07-14 00:00:00.000+00
d304bf7b-4705-42a5-bb10-2982f1192293,robert.jones.76@profile.com,Robert Jones,https://api.dicebear.com/7.x/avataaars/svg?seed=d304bf7b-4705-42a5-bb10-2982f1192293,2024-04-04 00:00:00.000+00,2024-10-13 00:00:00.000+00
392300e3-c30b-4b80-8bf1-fba4c8182a04,emily.jones.77@profile.com,Emily Jones,https://api.dicebear.com/7.x/avataaars/svg?seed=392300e3-c30b-4b80-8bf1-fba4c8182a04,2024-08-10 00:00:00.000+00,2024-07-12 00:00:00.000+00
db76315c-5d93-441f-877f-20f451dd14c7,david.rodriguez.78@profile.com,David Rodriguez,https://api.dicebear.com/7.x/avataaars/svg?seed=db76315c-5d93-441f-877f-20f451dd14c7,2024-06-02 00:00:00.000+00,2024-07-13 00:00:00.000+00
bef6a189-68dd-400a-9fc1-b7c32b9215b8,jane.garcia.79@profile.com,Jane Garcia,https://api.dicebear.com/7.x/avataaars/svg?seed=bef6a189-68dd-400a-9fc1-b7c32b9215b8,2024-11-12 00:00:00.000+00,2024-06-19 00:00:00.000+00
013c81e2-97fd-43eb-a82d-3221cb431f50,maria.garcia.80@profile.com,Maria Garcia,https://api.dicebear.com/7.x/avataaars/svg?seed=013c81e2-97fd-43eb-a82d-3221cb431f50,2024-07-30 00:00:00.000+00,2024-03-11 00:00:00.000+00
440ef7ba-4b75-443c-b9fb-2d65df8aab22,john.jones.81@profile.com,John Jones,https://api.dicebear.com/7.x/avataaars/svg?seed=440ef7ba-4b75-443c-b9fb-2d65df8aab22,2024-11-03 00:00:00.000+00,2024-11-13 00:00:00.000+00
5be3196d-d1ba-441c-9ced-cc97f15912aa,lisa.smith.82@profile.com,Lisa Smith,https://api.dicebear.com/7.x/avataaars/svg?seed=5be3196d-d1ba-441c-9ced-cc97f15912aa,2024-06-26 00:00:00.000+00,2024-12-13 00:00:00.000+00
6798eba9-eb01-4fc3-830e-462511ac27ad,jane.miller.83@profile.com,Jane Miller,https://api.dicebear.com/7.x/avataaars/svg?seed=6798eba9-eb01-4fc3-830e-462511ac27ad,2024-04-24 00:00:00.000+00,2024-05-15 00:00:00.000+00
a942847b-f321-4b43-a6bf-8dd9994ac55a,jane.martinez.84@profile.com,Jane Martinez,https://api.dicebear.com/7.x/avataaars/svg?seed=a942847b-f321-4b43-a6bf-8dd9994ac55a,2024-08-11 00:00:00.000+00,2024-07-15 00:00:00.000+00
3cc3ba2c-3edc-47f3-ba36-31a2641aae02,lisa.williams.85@profile.com,Lisa Williams,https://api.dicebear.com/7.x/avataaars/svg?seed=3cc3ba2c-3edc-47f3-ba36-31a2641aae02,2024-12-08 00:00:00.000+00,2024-01-18 00:00:00.000+00
2c49e374-cacc-4780-b5a1-098ce637f40b,michael.williams.86@profile.com,Michael Williams,https://api.dicebear.com/7.x/avataaars/svg?seed=2c49e374-cacc-4780-b5a1-098ce637f40b,2024-12-13 00:00:00.000+00,2024-02-16 00:00:00.000+00
f69cfcf3-9059-4c82-bd90-a4b3adf2f627,jane.miller.87@profile.com,Jane Miller,https://api.dicebear.com/7.x/avataaars/svg?seed=f69cfcf3-9059-4c82-bd90-a4b3adf2f627,2024-11-01 00:00:00.000+00,2024-05-30 00:00:00.000+00
c917ee02-fce2-4f01-97ee-0a66020cb6dd,sarah.smith.88@profile.com,Sarah Smith,https://api.dicebear.com/7.x/avataaars/svg?seed=c917ee02-fce2-4f01-97ee-0a66020cb6dd,2024-11-19 00:00:00.000+00,2024-05-12 00:00:00.000+00
62c35d0d-8b80-49b1-ab6a-0c4540dadb31,robert.rodriguez.89@profile.com,Robert Rodriguez,https://api.dicebear.com/7.x/avataaars/svg?seed=62c35d0d-8b80-49b1-ab6a-0c4540dadb31,2024-10-25 00:00:00.000+00,2024-12-24 00:00:00.000+00
f01f1937-8ce1-41f7-838d-198220641637,robert.williams.90@profile.com,Robert Williams,https://api.dicebear.com/7.x/avataaars/svg?seed=f01f1937-8ce1-41f7-838d-198220641637,2024-06-20 00:00:00.000+00,2024-08-28 00:00:00.000+00
f54a3dce-343b-4a80-a238-cfcade14e809,james.johnson.91@profile.com,James Johnson,https://api.dicebear.com/7.x/avataaars/svg?seed=f54a3dce-343b-4a80-a238-cfcade14e809,2024-05-10 00:00:00.000+00,2024-02-16 00:00:00.000+00
65fecbf8-95f1-4b8b-b8d8-9fa589ee64bd,john.jones.92@profile.com,John Jones,https://api.dicebear.com/7.x/avataaars/svg?seed=65fecbf8-95f1-4b8b-b8d8-9fa589ee64bd,2024-02-25 00:00:00.000+00,2024-01-10 00:00:00.000+00
06f79222-e00d-42f5-8da4-ee45befd0415,david.davis.93@profile.com,David Davis,https://api.dicebear.com/7.x/avataaars/svg?seed=06f79222-e00d-42f5-8da4-ee45befd0415,2024-06-16 00:00:00.000+00,2024-02-24 00:00:00.000+00
8eb951c5-6968-4d13-9ccf-8b5c9dc2702c,james.johnson.94@profile.com,James Johnson,https://api.dicebear.com/7.x/avataaars/svg?seed=8eb951c5-6968-4d13-9ccf-8b5c9dc2702c,2024-11-28 00:00:00.000+00,2024-03-13 00:00:00.000+00
4e05a726-693b-49dd-b5c7-e427cdba6611,jane.miller.95@profile.com,Jane Miller,https://api.dicebear.com/7.x/avataaars/svg?seed=4e05a726-693b-49dd-b5c7-e427cdba6611,2024-01-07 00:00:00.000+00,2024-04-28 00:00:00.000+00
c3405f5b-ba99-4775-a18d-93e4e08e822e,sarah.garcia.96@profile.com,Sarah Garcia,https://api.dicebear.com/7.x/avataaars/svg?seed=c3405f5b-ba99-4775-a18d-93e4e08e822e,2024-10-04 00:00:00.000+00,2024-02-24 00:00:00.000+00
e48e7689-8413-432a-9253-4f7b34eef4b8,jane.miller.97@profile.com,Jane Miller,https://api.dicebear.com/7.x/avataaars/svg?seed=e48e7689-8413-432a-9253-4f7b34eef4b8,2024-02-26 00:00:00.000+00,2024-12-30 00:00:00.000+00
0f6941ea-1212-4031-977e-e81f4b49294b,sarah.jones.98@profile.com,Sarah Jones,https://api.dicebear.com/7.x/avataaars/svg?seed=0f6941ea-1212-4031-977e-e81f4b49294b,2024-03-01 00:00:00.000+00,2024-12-29 00:00:00.000+00
88c98496-b84f-4d13-97d7-96d11c558201,james.rodriguez.99@profile.com,James Rodriguez,https://api.dicebear.com/7.x/avataaars/svg?seed=88c98496-b84f-4d13-97d7-96d11c558201,2024-12-13 00:00:00.000+00,2024-09-24 00:00:00.000+00
c7971a9b-a983-434b-af15-6289cb2a4b1e,maria.brown.100@profile.com,Maria Brown,https://api.dicebear.com/7.x/avataaars/svg?seed=c7971a9b-a983-434b-af15-6289cb2a4b1e,2024-12-29 00:00:00.000+00,2024-07-12 00:00:00.000+00
